subject,from,to,body
Request for Syllabus,student1@example.com,hod@example.com,"Dear Director,
I hope this message finds you well. Could you please share the syllabus for the upcoming semester?

Kind regards,
student1"
Clarification on Assignment,student2@example.com,hod@example.com,"Hi Dr.Deshpande,
I have a question regarding the assignment due next week. Can you clarify the expectations?

Thank you,
student2"
Request for Meeting,student3@example.com,hod@example.com,"Greetings Team,
I would like to schedule a meeting to discuss my research topic. Please let me know your available times.

Best regards,
student3"
Feedback on Project,student4@example.com,hod@example.com,"Greetings Team,
I would appreciate your feedback on my project proposal submitted last week. Thank you for your guidance.

Warm regards,
student4"
Absence Notification,student5@example.com,hod@example.com,"Greetings Team,
I wanted to inform you that I will be absent from class tomorrow due to a personal matter. I will catch up on the missed material.

Best regards,
student5"
Request for Reading Materials,student6@example.com,hod@example.com,"Dear Director,
Could you please provide guidance on the recommended reading materials for this course?

Kind regards,
student6"
Inquiry on Lecture Resources,student7@example.com,hod@example.com,"Dear Director,
I am interested in your recent lecture on [specific topic]. Could you share additional resources for further study?

Best regards,
student7"
Discussion on Assignment Topics,student8@example.com,hod@example.com,"Hi Dr.Deshpande,
I would like to discuss potential topics for my upcoming assignment. Are you available for a brief meeting?

Warm regards,
student8"
Request for Extra Help,student9@example.com,hod@example.com,"To Whom It May Concern,
I am struggling with the concepts discussed in class. Could we arrange a time for extra help?

Warm regards,
student9"
Inquiry About Extra Credit,student10@example.com,hod@example.com,"Hi Dr.Deshpande,
I would like to know if there are any opportunities for extra credit in your course this semester.

Thank you,
student10"
Clarification on Grading Criteria,student11@example.com,hod@example.com,"To Whom It May Concern,
Could you clarify the grading criteria for the upcoming project? I want to ensure I meet your expectations.

Warm regards,
student11"
Request for Academic Papers,student12@example.com,hod@example.com,"Greetings Team,
I would appreciate it if you could recommend some academic papers related to [specific topic].

Best regards,
student12"
Inquiry About Research Group Opportunities,student13@example.com,hod@example.com,"To Whom It May Concern,
I am interested in joining your research group. Could you provide more information on how to apply?

Best regards,
student13"
Due Date for Upcoming Assignment,student14@example.com,hod@example.com,"Hi Dr.Deshpande,
Could you let me know the due date for the upcoming assignment? I want to plan my schedule accordingly.

Best regards,
student14"
Request for Lecture Slides,student15@example.com,hod@example.com,"Hi Dr.Deshpande,
I would like to request a copy of the lecture slides from our last class, as I was unable to attend.

Warm regards,
student15"
Preparation Strategies for Exam,student16@example.com,hod@example.com,"Hi Dr.Deshpande,
Can you suggest strategies for preparing for the upcoming exam? I want to perform my best.

Warm regards,
student16"
Discussion on Final Project Ideas,student17@example.com,hod@example.com,"Greetings Team,
I have some ideas for my final project. Could we schedule a time to discuss them?

Best regards,
student17"
Request for Office Hours Information,student18@example.com,hod@example.com,"Dear Director,
I would like to know your office hours for this semester. I want to make sure I can reach you if needed.

Thank you,
student18"
Feedback Request on Essay,student19@example.com,hod@example.com,"Hi Dr.Deshpande,
Could you provide some feedback on my recent essay? I would like to improve my writing skills.

Best regards,
student19"
Discussion on Research Topic Change,student20@example.com,hod@example.com,"Greetings Team,
I am considering changing my research topic. Can we discuss this during your office hours?

Thank you,
student20"
Confirmation of Midterm Exam Format,student21@example.com,hod@example.com,"Hi Dr.Deshpande,
I wanted to confirm whether the midterm exam will be in-person or online this semester.

Warm regards,
student21"
Inquiry on Lab Schedule Changes,student22@example.com,hod@example.com,"To Whom It May Concern,
I have a question about the lab schedule for this week. Are there any changes I should be aware of?

Thank you,
student22"
Interest in Enrolling Next Semester,student23@example.com,hod@example.com,"Hi Dr.Deshpande,
I am interested in enrolling in your course next semester. Can you tell me about the prerequisites?

Thank you,
student23"
Discussion on Class Performance,student24@example.com,hod@example.com,"Hi Dr.Deshpande,
I would like to discuss my performance in class so far. Could we arrange a meeting?

Thank you,
student24"
Inquiry on Research Assistantship,student25@example.com,hod@example.com,"Hello HOD,
I wanted to inquire about the potential for a research assistantship position in your lab.

Thank you,
student25"
Clarification on Final Project Submission,student26@example.com,hod@example.com,"To Whom It May Concern,
Could you clarify the process for submitting our final projects? I want to ensure I follow the correct procedure.

Kind regards,
student26"
Request for Software Assistance,student27@example.com,hod@example.com,"To Whom It May Concern,
I am experiencing difficulty with the software we are using in class. Can you suggest any resources for help?

Kind regards,
student27"
Advice on Internships in [specific field],student28@example.com,hod@example.com,"Greetings Team,
I would appreciate any advice you could give me regarding internships in [specific field].

Warm regards,
student28"
Clarification on Group Project Expectations,student29@example.com,hod@example.com,"To Whom It May Concern,
Could you provide insight into the expectations for the upcoming group project?

Best regards,
student29"
Attendance Confirmation for Seminar,student30@example.com,hod@example.com,"Greetings Team,
I would like to confirm my attendance at the upcoming seminar you mentioned in class.

Thank you,
student30"
Request for Grading Rubric,student31@example.com,hod@example.com,"Hello HOD,
Can you share the grading rubric for the upcoming project? It will help me better prepare.

Thank you,
student31"
Recommendation for Relevant Conferences,student32@example.com,hod@example.com,"To Whom It May Concern,
I wanted to ask if you could recommend any conferences relevant to our field of study.

Kind regards,
student32"
Request for Feedback on Proposal,student33@example.com,hod@example.com,"To Whom It May Concern,
Could you please share your thoughts on my initial project proposal? I value your feedback.

Sincerely,
student33"
Discussion on Graduate Degree Pursuit,student34@example.com,hod@example.com,"Dear Director,
I am considering pursuing a graduate degree. Could we discuss your experiences and recommendations?

Warm regards,
student34"
Inquiry About Independent Study Opportunities,student35@example.com,hod@example.com,"Greetings Team,
I would like to inquire about the potential for independent study opportunities in your area of expertise.

Warm regards,
student35"
Request for Office Hours Appointment,student36@example.com,hod@example.com,"Greetings Team,
I am interested in attending your office hours to discuss my performance in the class.

Best regards,
student36"
Clarification on Assignment Submission Guidelines,student37@example.com,hod@example.com,"Greetings Team,
Could you clarify the submission guidelines for the next assignment? I want to ensure I meet all requirements.

Best regards,
student37"
Explanation of Grading Scale,student38@example.com,hod@example.com,"Dear Director,
I would appreciate it if you could explain the grading scale used for your assignments.

Sincerely,
student38"
Recommendations for Course Materials,student39@example.com,hod@example.com,"Hi Dr.Deshpande,
Could you recommend any books or resources that would help me better understand the course material?

Thank you,
student39"
Tips for Networking at Conference,student40@example.com,hod@example.com,"Hi Dr.Deshpande,
I am planning to attend the conference next month. Could you provide any tips for networking?

Sincerely,
student40"
Discussion on Research Interests Alignment,student41@example.com,hod@example.com,"Greetings Team,
I would like to discuss how my research interests align with your current projects.

Thank you,
student41"
Seeking Advice on Academic Goals,student42@example.com,hod@example.com,"To Whom It May Concern,
I wanted to reach out to discuss my academic goals and seek your advice on my career path.

Kind regards,
student42"
Information on Upcoming Department Events,student43@example.com,hod@example.com,"To Whom It May Concern,
Could you provide information about any upcoming guest lectures or events in our department?

Kind regards,
student43"
Late Project Submission Notification,student44@example.com,hod@example.com,"Greetings Team,
I wanted to inform you that I will be submitting my project late due to unforeseen circumstances. Thank you for your understanding.

Kind regards,
student44"
Guidance for Final Paper Approach,student45@example.com,hod@example.com,"Dear Director,
Can you suggest how to approach the final paper? I am unsure about the topic I want to choose.

Sincerely,
student45"
Request for Career Path Discussion,student46@example.com,hod@example.com,"Dear Director,
I would like to schedule a time to discuss potential career paths in our field.

Kind regards,
student46"
Inquiry on Attendance Policy for Online Classes,student47@example.com,hod@example.com,"Dear Director,
Could you clarify if the attendance policy will be enforced for online classes?

Warm regards,
student47"
Request for Discussion on Statistical Methods,student48@example.com,hod@example.com,"Dear Director,
I am facing challenges with the statistical methods discussed in class. Could we schedule a time to go over them?

Thank you,
student48"
Recommendations for Research Methodologies,student49@example.com,hod@example.com,"Dear Director,
Could you share your recommendations for research methodologies suitable for my thesis?

Best regards,
student49"
Request for Assignment Deadline Extension,student50@example.com,hod@example.com,"Hello HOD,
I would like to ask about the possibility of extending the deadline for the current assignment.

Warm regards,
student50"
Partnership Proposal for Student Internships,corporate1@example.com,hod@example.com,"Dear Director,
We are interested in collaborating with your department to offer internship opportunities for your students. Could you please provide us with more information on how to proceed?

Warm regards,
corporate1"
Invitation to Collaborate on Research Projects,corporate2@example.com,hod@example.com,"To Whom It May Concern,
We are planning to conduct placement drives for graduating students in your department. Please let us know if we can set up a meeting to discuss this further.

Thank you,
corporate2"
Opportunity for Student Development Program,corporate3@example.com,hod@example.com,"Hello HOD,
I hope this email finds you well. We would like to propose a partnership with your department to enhance industry exposure for your students. Can we schedule a call to discuss this?

Kind regards,
corporate3"
Invitation to Attend Job Fair,corporate4@example.com,hod@example.com,"Hello HOD,
We are hosting an event aimed at bridging the gap between academia and industry, and we would like to invite your department to sponsor this initiative. Please let us know if you are interested.

Best regards,
corporate4"
Call for Collaboration on Workshops,corporate5@example.com,hod@example.com,"Hello HOD,
We are excited about the opportunity to support innovative research projects in your department. Please let us know the next steps to formalize this partnership and discuss potential research areas we can focus on together.

Best regards,
corporate5"
Proposal for Guest Speaker Series,corporate6@example.com,hod@example.com,"Hello HOD,
We would like to invite your department to participate in an upcoming job fair we are hosting. Your students would benefit from exposure to various companies.

Best regards,
corporate6"
Sponsorship Opportunity for Your Department,corporate7@example.com,hod@example.com,"Dear Director,
I would like to explore a potential partnership between our organizations to create more internship opportunities for your students.

Thank you,
corporate7"
Feedback Request on Student Performance,corporate8@example.com,hod@example.com,"Greetings Team,
We are keen on organizing a guest lecture with your department. Would you be able to suggest potential speakers from your team?

Warm regards,
corporate8"
Invitation to Networking Event,corporate9@example.com,hod@example.com,"To Whom It May Concern,
We are interested in collaborating on workshops that will equip your students with practical skills relevant to their careers. Could we discuss this further?

Sincerely,
corporate9"
Opportunity for Research Collaboration,corporate10@example.com,hod@example.com,"Dear Director,
I am reaching out to inquire about possible research collaborations between our teams. Your expertise in [specific field] is highly regarded.

Warm regards,
corporate10"
Joint Initiatives for Skill Development,corporate11@example.com,hod@example.com,"Dear Director,
We are planning a training program and would love to include students from your department. Please let us know if this interests you.

Warm regards,
corporate11"
Follow-Up on Previous Internship Discussions,corporate12@example.com,hod@example.com,"Dear Director,
I would like to discuss a potential sponsorship opportunity that could enhance the learning experience for your students.

Warm regards,
corporate12"
Scholarship Opportunities for Your Students,corporate13@example.com,hod@example.com,"Dear Director,
I wanted to follow up regarding the performance of the interns from your department who joined us recently. Your feedback would be invaluable.

Sincerely,
corporate13"
Potential Collaboration on Research Funding,corporate14@example.com,hod@example.com,"Greetings Team,
We are organizing a networking event for students and industry professionals. We would love for your students to attend and engage.

Best regards,
corporate14"
Proposal for Joint Projects,corporate15@example.com,hod@example.com,"Greetings Team,
We invite your department to participate in our annual Career Day event, aimed at connecting students with industry leaders.

Warm regards,
corporate15"
Partnership Opportunities for Career Development,corporate16@example.com,hod@example.com,"Hello HOD,
We would like to discuss potential collaboration on research initiatives that align with both our organizational goals.

Kind regards,
corporate16"
Invitation to Participate in Career Day,corporate17@example.com,hod@example.com,"Greetings Team,
We are interested in working with you on industry projects that provide real-world experience for your students.

Thank you,
corporate17"
Discussion on Student Mentorship Program,corporate18@example.com,hod@example.com,"Greetings Team,
I would like to propose a student development program that focuses on bridging academic knowledge with industry skills.

Kind regards,
corporate18"
Invitation to Join Industry Roundtable,corporate19@example.com,hod@example.com,"Hi Dr.Deshpande,
We are hosting a knowledge-sharing session and would love for your team to join us. Your insights would greatly benefit our attendees.

Thank you,
corporate19"
Request for Input on Student Skills Survey,corporate20@example.com,hod@example.com,"Hello HOD,
I am reaching out to inquire about student participation in an upcoming industry roundtable discussion.

Best regards,
corporate20"
Discussion on Joint Research Papers,corporate21@example.com,hod@example.com,"Dear Director,
We are interested in offering mentorship opportunities to your students and would love to collaborate on this initiative.

Kind regards,
corporate21"
Call for Student Involvement in Community Service,corporate22@example.com,hod@example.com,"Hi Dr.Deshpande,
We would like to organize a workshop series focused on skill development for your students. Please let us know if you're interested.

Warm regards,
corporate22"
Proposal for Workshop on Emerging Technologies,corporate23@example.com,hod@example.com,"Greetings Team,
We would like to discuss joint research projects that could benefit both our organizations. Your expertise would be valuable.

Best regards,
corporate23"
Invitation to Annual Conference,corporate24@example.com,hod@example.com,"Hello HOD,
We are hosting a webinar on industry trends and would like to invite your students to attend. It could be a great learning opportunity.

Sincerely,
corporate24"
Opportunity for Student Participation in Research,corporate25@example.com,hod@example.com,"Greetings Team,
I would like to explore the possibility of internships for your students at our organization this summer.

Best regards,
corporate25"
Invitation to Workshop Series on Career Development,corporate26@example.com,hod@example.com,"Hello HOD,
We are keen on developing a collaborative program that allows students to gain hands-on experience in [specific industry].

Thank you,
corporate26"
Invitation for Collaboration on Case Competition,corporate27@example.com,hod@example.com,"To Whom It May Concern,
I would like to propose a guest speaker series featuring industry leaders for your students. Would you be interested in collaborating?

Best regards,
corporate27"
Proposal for Interdisciplinary Projects,corporate28@example.com,hod@example.com,"Hi Dr.Deshpande,
We are conducting a survey on student skills and would appreciate your department's input. Your feedback is important.

Kind regards,
corporate28"
Opportunity for Student Exchange Programs,corporate29@example.com,hod@example.com,"Hi Dr.Deshpande,
I am writing to discuss potential funding opportunities for student-led projects within your department.

Best regards,
corporate29"
Invitation to Participate in International Research,corporate30@example.com,hod@example.com,"To Whom It May Concern,
We are looking to establish a partnership for a research project that aligns with our mutual interests. Can we discuss this?

Thank you,
corporate30"
Opportunity to Showcase Student Research,corporate31@example.com,hod@example.com,"To Whom It May Concern,
We are interested in sponsoring a competition for your students to showcase their skills. Please let us know how we can proceed.

Sincerely,
corporate31"
Invitation for Collaborative Guest Lectures,corporate32@example.com,hod@example.com,"Greetings Team,
I would like to arrange a meeting to discuss possible research funding opportunities for joint projects between our organizations.

Sincerely,
corporate32"
Request for Ideas on Joint Initiatives,corporate33@example.com,hod@example.com,"Hello HOD,
We would like to collaborate on a curriculum development project that incorporates industry insights for your students.

Thank you,
corporate33"
Follow-Up on Potential Funding Opportunities,corporate34@example.com,hod@example.com,"Hello HOD,
I am reaching out to see if you would be open to discussing a talent development program for your students in [specific field].

Warm regards,
corporate34"
Call for Collaboration on Student Events,corporate35@example.com,hod@example.com,"Hi Dr.Deshpande,
We are planning to host a career coaching event and would love to involve your department. Your students would benefit greatly.

Kind regards,
corporate35"
Invitation to Summer Internship Program,corporate36@example.com,hod@example.com,"Dear Director,
I wanted to follow up on our previous discussions about potential collaboration on internships for your students.

Sincerely,
corporate36"
Proposal for Professional Development Workshops,corporate37@example.com,hod@example.com,"Dear Director,
We are interested in developing a scholarship program specifically for students from your department. Let's discuss this further.

Best regards,
corporate37"
Opportunity for Student Research Collaboration,corporate38@example.com,hod@example.com,"Hi Dr.Deshpande,
I am reaching out to explore opportunities for your students to participate in our ongoing research projects.

Warm regards,
corporate38"
Invitation for Student Leadership Programs,corporate39@example.com,hod@example.com,"Dear Director,
We would like to invite your faculty to join us in a collaborative research initiative focused on [specific topic].

Sincerely,
corporate39"
Proposal for Joint Events with Alumni,corporate40@example.com,hod@example.com,"Hi Dr.Deshpande,
I hope to discuss how we can work together to enhance the employability of your students through tailored programs.

Sincerely,
corporate40"
Invitation for Cross-Department Research,corporate41@example.com,hod@example.com,"Dear Director,
We are looking forward to exploring joint ventures that could benefit both your students and our organization.

Sincerely,
corporate41"
Request for Student Feedback on Initiatives,corporate42@example.com,hod@example.com,"Hi Dr.Deshpande,
I would like to set up a meeting to explore how our organizations can collaborate on enhancing student experiences.

Warm regards,
corporate42"
Invitation to Joint Career Fairs,corporate43@example.com,hod@example.com,"To Whom It May Concern,
We are interested in hearing your thoughts on a partnership to create industry-relevant projects for your students.

Best regards,
corporate43"
Follow-Up on Partnership Opportunities,corporate44@example.com,hod@example.com,"Dear Director,
I would like to invite your department to our upcoming workshop on [specific topic], which could be beneficial for your students.

Kind regards,
corporate44"
Proposal for Student-Centric Programs,corporate45@example.com,hod@example.com,"Hi Dr.Deshpande,
We are excited about the possibility of collaborating on a community service project that involves your students.

Thank you,
corporate45"
Opportunity for Industry Partnerships,corporate46@example.com,hod@example.com,"Dear Director,
We would love to explore possibilities for student internships in our department, as we believe your students possess the skills we're looking for.

Warm regards,
corporate46"
Discussion on Enhancing Student Learning Experiences,corporate47@example.com,hod@example.com,"To Whom It May Concern,
I would like to propose a collaborative project that integrates student input with real-world challenges in our industry.

Best regards,
corporate47"
Invitation to Collaborate on Innovation Projects,corporate48@example.com,hod@example.com,"Hello HOD,
We are eager to involve your students in a mentoring program that connects them with professionals in our field.

Thank you,
corporate48"
Call for Participation in Student Competitions,corporate49@example.com,hod@example.com,"Greetings Team,
Our organization is interested in creating a research exchange program for students to work alongside our teams.

Thank you,
corporate49"
Proposal for Skill Development Workshops,corporate50@example.com,hod@example.com,"Greetings Team,
We would like to invite your students to participate in a workshop series focused on career development and industry insights.

Thank you,
corporate50"
Discussion on Mutual Interests,researcher1@example.com,hod@example.com,"Greetings Team,
I hope this message finds you well. I am writing to discuss an important matter regarding your work. I believe there are mutual interests we can explore that could be beneficial for both parties.

Warm regards,
researcher1"
Interest in Collaboration on Recent Publication,researcher2@example.com,hod@example.com,"Dear Director,
I'm reaching out to express my interest in your recent publication and discuss potential collaboration opportunities.

Warm regards,
researcher2"
Questions on Aligning Research Efforts,researcher3@example.com,hod@example.com,"Hello HOD,
Following your recent work, I would like to ask a few questions and see how we might align our research efforts.

Warm regards,
researcher3"
Exploring Potential Joint Projects,researcher4@example.com,hod@example.com,"To Whom It May Concern,
I came across your latest findings and wanted to connect regarding possible joint projects that could leverage our strengths.

Warm regards,
researcher4"
Potential Areas for Collaboration,researcher5@example.com,hod@example.com,"Greetings Team,
I recently reviewed your study and found it quite insightful. I would love to discuss potential areas of collaboration that could enhance our research.

Kind regards,
researcher5"
Follow-up on [specific topic] Presentation,researcher6@example.com,hod@example.com,"Hi Dr.Deshpande,
Your recent presentation on [specific topic] was enlightening. I would appreciate the opportunity to discuss it further with you.

Thank you,
researcher6"
Opportunities for Collaboration in [specific field],researcher7@example.com,hod@example.com,"Hello HOD,
As a fellow researcher in [specific field], I believe there are several ways we could work together to advance our shared interests.

Best regards,
researcher7"
Exploring Collaboration on [specific topic],researcher8@example.com,hod@example.com,"To Whom It May Concern,
I'm currently exploring [specific topic] and noticed that your research aligns closely with mine. Let's discuss how we can collaborate.

Best regards,
researcher8"
Inquiry Regarding Joint Research on [specific finding],researcher9@example.com,hod@example.com,"Hello HOD,
Your findings on [specific finding] caught my attention. I would like to inquire about the possibility of joint research efforts.

Thank you,
researcher9"
Discussion on Synergies for [specific topic],researcher10@example.com,hod@example.com,"Hello HOD,
Iâ€™m interested in your work on [specific project]. Could we schedule a time to discuss potential synergies?

Kind regards,
researcher10"
Invitation to Co-author a Paper on [specific topic],researcher11@example.com,hod@example.com,"Greetings Team,
I'm reaching out to see if you would be interested in co-authoring a paper on [specific topic]. Your expertise would be invaluable.

Sincerely,
researcher11"
Ideas for Collaboration on Recent Paper,researcher12@example.com,hod@example.com,"Greetings Team,
Having read your recent paper, I have some ideas for collaboration that I believe could lead to exciting outcomes.

Thank you,
researcher12"
Discussion on Collaborative Research Opportunities,researcher13@example.com,hod@example.com,"Hi Dr.Deshpande,
I would like to connect with you regarding your recent research. I believe our combined efforts could yield significant results.

Warm regards,
researcher13"
Exploring Collaboration on [specific subject],researcher14@example.com,hod@example.com,"Hello HOD,
Your recent research on [specific subject] aligns perfectly with my work. I would appreciate discussing our findings and exploring potential collaborations.

Kind regards,
researcher14"
Admiration of Work and Collaboration Opportunity,researcher15@example.com,hod@example.com,"Dear Director,
I'm writing to express my admiration for your work and to see if you'd be open to discussing collaborative research opportunities.

Best regards,
researcher15"
Exploring a Related Project,researcher16@example.com,hod@example.com,"Greetings Team,
I was intrigued by your findings and would like to explore the possibility of working together on a related project.

Kind regards,
researcher16"
Collaboration in [specific area] Research,researcher17@example.com,hod@example.com,"Dear Director,
Your expertise in [specific area] is impressive. I'm interested in discussing how we might collaborate to further our research objectives.

Thank you,
researcher17"
Discussion on Research Ideas in [specific topic],researcher18@example.com,hod@example.com,"Hi Dr.Deshpande,
I would love to hear your thoughts on a few ideas I have regarding [specific topic]. Can we set up a time to discuss?

Best regards,
researcher18"
Connecting on Shared Interests in [specific field],researcher19@example.com,hod@example.com,"Dear Director,
As we both have interests in [specific field], I think it would be beneficial to connect and discuss potential collaborative research projects.

Best regards,
researcher19"
Exploring Mutual Research Interests,researcher20@example.com,hod@example.com,"Dear Director,
I hope to engage in a fruitful discussion about your recent work and explore how we can complement each otherâ€™s research.

Sincerely,
researcher20"
Potential Collaborative Research Opportunities,researcher21@example.com,hod@example.com,"Hello HOD,
I am keen to explore any opportunities for collaboration, especially given our shared interests in [specific topic].

Warm regards,
researcher21"
Interest in Research Collaboration,researcher22@example.com,hod@example.com,"Greetings Team,
I believe our research goals are closely aligned, and I would appreciate the chance to discuss potential collaboration.

Kind regards,
researcher22"
Discussion on Recent Research and Collaboration,researcher23@example.com,hod@example.com,"Dear Director,
Your work has inspired me, and I would like to discuss possible research collaborations that could be beneficial for both of us.

Kind regards,
researcher23"
Exploring Collaborative Initiatives,researcher24@example.com,hod@example.com,"Hi Dr.Deshpande,
I would be grateful if we could set aside some time to discuss your recent research and explore potential collaborations.

Sincerely,
researcher24"
Interest in Collaborative Research Projects,researcher25@example.com,hod@example.com,"Greetings Team,
Iâ€™m reaching out to see if you would be open to discussing your recent findings. I believe we could explore some interesting avenues together.

Sincerely,
researcher25"
Connecting on Shared Interests in [specific topic],researcher26@example.com,hod@example.com,"Dear Director,
Your contributions to [specific field] have caught my attention. Iâ€™d like to see how we can collaborate on future projects.

Warm regards,
researcher26"
Ideas for Research Collaboration,researcher27@example.com,hod@example.com,"To Whom It May Concern,
I hope to connect regarding our shared interests in [specific topic]. I believe we can create significant impact through collaboration.

Sincerely,
researcher27"
Opportunities for Effective Collaboration,researcher28@example.com,hod@example.com,"Hi Dr.Deshpande,
I have some thoughts on potential research initiatives that align with your expertise. Can we schedule a time to discuss?

Kind regards,
researcher28"
Discussion on Overlapping Research Interests,researcher29@example.com,hod@example.com,"Greetings Team,
Iâ€™m impressed by your work on [specific project]. I believe there are opportunities for us to collaborate effectively.

Best regards,
researcher29"
Potential Research Collaboration on [specific aspect],researcher30@example.com,hod@example.com,"Greetings Team,
I would appreciate the chance to discuss how our research interests overlap and how we might work together moving forward.

Best regards,
researcher30"
Exploring Opportunities for Joint Research,researcher31@example.com,hod@example.com,"Greetings Team,
Your recent findings on [specific aspect] have inspired me to reach out for a potential collaboration opportunity.

Sincerely,
researcher31"
Mutual Interests in [specific topic] Collaboration,researcher32@example.com,hod@example.com,"Greetings Team,
I think our combined expertise could lead to impactful research. Letâ€™s connect to explore collaboration possibilities.

Sincerely,
researcher32"
Exploring Collaborative Research Ideas,researcher33@example.com,hod@example.com,"Hi Dr.Deshpande,
As a researcher focusing on [specific topic], I believe our mutual interests could lead to meaningful collaboration.

Thank you,
researcher33"
Interest in Collaboration on [specific topic],researcher34@example.com,hod@example.com,"Hello HOD,
Iâ€™m reaching out to explore ideas for collaborative research that align with both of our interests and expertise.

Kind regards,
researcher34"
Discussion on Complementing Research Efforts,researcher35@example.com,hod@example.com,"To Whom It May Concern,
Your recent work on [specific topic] has sparked my interest. Iâ€™d love to explore potential research partnerships.

Thank you,
researcher35"
Exploring Collaboration on [specific topic],researcher36@example.com,hod@example.com,"Hello HOD,
I would like to propose a meeting to discuss how our research can complement each otherâ€™s work in [specific field].

Thank you,
researcher36"
Insights on Collaborative Research Ideas,researcher37@example.com,hod@example.com,"Hi Dr.Deshpande,
Iâ€™m excited about the potential for collaboration and would like to discuss how we can combine our efforts on [specific topic].

Kind regards,
researcher37"
Exploring Collaboration in [specific research area],researcher38@example.com,hod@example.com,"To Whom It May Concern,
I would love to hear your insights on a research project Iâ€™m considering. Can we schedule a time to connect?

Kind regards,
researcher38"
Discussion on Synergies in Research Efforts,researcher39@example.com,hod@example.com,"Dear Director,
Your recent publications have inspired me, and Iâ€™m eager to explore collaboration opportunities that could benefit both parties.

Thank you,
researcher39"
Discussion on Potential Collaboration in [specific area],researcher40@example.com,hod@example.com,"Dear Director,
I believe thereâ€™s a strong synergy between our research efforts, and I would like to discuss how we can collaborate.

Thank you,
researcher40"
Exploring Research Collaboration in [specific field],researcher41@example.com,hod@example.com,"Hi Dr.Deshpande,
Your insights in [specific area] are impressive. I would appreciate discussing how we can work together on related projects.

Best regards,
researcher41"
Potential Collaboration on Recent Work,researcher42@example.com,hod@example.com,"Hi Dr.Deshpande,
Iâ€™m interested in discussing your recent findings and exploring potential collaborative initiatives that may arise from them.

Thank you,
researcher42"
Exploring Collaborative Research Opportunities,researcher43@example.com,hod@example.com,"Hello HOD,
I would like to reach out regarding our common interests in [specific field]. Letâ€™s explore possible collaboration avenues.

Sincerely,
researcher43"
Aligning Research Goals for Collaboration,researcher44@example.com,hod@example.com,"To Whom It May Concern,
I believe our shared research interests present an excellent opportunity for collaboration. Can we discuss this further?

Thank you,
researcher44"
Exploring Research Synergies,researcher45@example.com,hod@example.com,"To Whom It May Concern,
Your recent work aligns closely with my research. Iâ€™d like to connect and discuss how we can collaborate effectively.

Sincerely,
researcher45"
Proposal for Collaborative Research Initiatives,researcher46@example.com,hod@example.com,"Dear Director,
I have some exciting ideas for research collaborations that I believe could lead to innovative outcomes. Letâ€™s talk!

Thank you,
researcher46"
Exploring Synergies for Joint Studies,researcher47@example.com,hod@example.com,"Hi Dr.Deshpande,
Your findings on [specific topic] resonate with my interests, and Iâ€™d like to explore potential collaborative projects together.

Best regards,
researcher47"
Interest in Collaboration on [specific subject],researcher48@example.com,hod@example.com,"Greetings Team,
I came across your recent article on [specific research area] and found it fascinating. I believe there are many overlaps with my current work, and Iâ€™d love to explore how we can collaborate to expand on these ideas.

Best regards,
researcher48"
Exploring Collaboration on [specific project],researcher49@example.com,hod@example.com,"Hello HOD,
Your research on [specific topic] has sparked several ideas for joint studies. I would be grateful if we could connect to discuss potential synergies and how we could advance this field together.

Warm regards,
researcher49"
Potential Collaborative Research Opportunities,researcher50@example.com,hod@example.com,"Hi Dr.Deshpande,
Having reviewed your contributions to [specific field], I see great potential for us to collaborate on upcoming projects. Letâ€™s schedule a time to discuss how we can combine our expertise for impactful research.

Sincerely,
researcher50"
